<?xml version="1.0" encoding="UTF-8"?>
<configuration scan="true" scanPeriod="300 seconds" debug="false">
   <!--application.yml 传递参数，不能使用logback 自带的<property>标签 -->
   <include resource="org/springframework/boot/logging/logback/defaults.xml"/>
   <include resource="org/springframework/boot/logging/logback/console-appender.xml"/>
  <springProperty scope="context" name="appname" source="spring.application.name"/>
  <springProperty scope="context" name="logdir" source="logging.path"/>
   <contextName>${appname}</contextName> 
  <!--输出到控制台 ConsoleAppender-->
   <appender name="console" class="ch.qos.logback.core.ConsoleAppender">
       <!--展示格式 layout-->
       <!-- <layout class="ch.qos.logback.classic.PatternLayout">
           <pattern>%d{HH:mm:ss.SSS} %-5level %logger{36} - %msg %contextName [%thread]%n</pattern>
       </layout> -->
       <encoder>  
         <pattern>%d{HH:mm:ss.SSS} [%contextName] [%thread] %-5level %logger{168}.%method:%L - %msg%n</pattern>  
         <charset>UTF-8</charset><!-- 打包的时候设置成 GBK -->
        </encoder>  
   </appender>
   <appender name="file" class="ch.qos.logback.core.rolling.RollingFileAppender">
    <!--如果只是想要 Info 级别的日志，只是过滤 info 还是会输出 Error 日志，因为 Error 的级别高，
    所以我们使用下面的策略，可以避免输出 Error 的日志-->
    <!-- <filter class="ch.qos.logback.classic.filter.LevelFilter">
        过滤 Error
        <level>ERROR</level>
        匹配到就禁止
        <onMatch>DENY</onMatch>
        没有匹配到就允许
        <onMismatch>ACCEPT</onMismatch>
    </filter> -->
    <!--日志名称，如果没有File 属性，那么只会使用FileNamePattern的文件路径规则
        如果同时有<File>和<FileNamePattern>，那么当天日志是<File>，明天会自动把今天
        的日志改名为今天的日期。即，<File> 的日志都是当天的。
    -->
    <File>${logdir}/${appname}.log</File>
    <!--滚动策略，按照时间滚动 TimeBasedRollingPolicy-->
    <rollingPolicy class="ch.qos.logback.core.rolling.TimeBasedRollingPolicy">
        <!--文件路径,定义了日志的切分方式——把每一天的日志归档到一个文件中,以防止日志填满整个磁盘空间-->
        <FileNamePattern>${logdir}/${appname}.%d{yyyy-MM-dd}.log</FileNamePattern>
        <!--只保留最近90天的日志-->
        <maxHistory>90</maxHistory>
        <!--用来指定日志文件的上限大小，那么到了这个值，就会删除旧的日志-->
        <!--<totalSizeCap>1GB</totalSizeCap>-->
    </rollingPolicy>
    <!--日志输出编码格式化-->
    <encoder>
        <charset>UTF-8</charset>
        <pattern>%d [%contextName] [%thread] %-5level %logger{72}.%method:%L - %msg%n</pattern>
    </encoder>
  </appender>
  <!-- 2019/05/30 modify by FPM0302 for feature DFoCS19Q2005 start -->
   <root level="INFO">
      <appender-ref ref="console" />
      <appender-ref ref="file" />
    </root>
    <!-- 2019/05/30 modify by FPM0302 for feature DFoCS19Q2005 end -->
   <!-- 测试环境+开发环境. 多个使用逗号隔开. -->
   <springProfile name="test,dev,sit,uat">
       <logger name="org.apache.ibatis" level="DEBUG" additivity="false">
           <appender-ref ref="console"/>
           <appender-ref ref="file" />
       </logger>
       <logger name="java.sql" level="DEBUG" additivity="false">
           <appender-ref ref="console"/>
           <appender-ref ref="file" />
       </logger>
   </springProfile>
  <springProfile name="test,dev,sit,uat">  
    <root level="DEBUG">
      <appender-ref ref="console" />
      <appender-ref ref="file" />
    </root>
  </springProfile>
  <springProfile name="prod">  
    <root level="INFO">
      <appender-ref ref="console" />
      <appender-ref ref="file" />
    </root>
  </springProfile>
</configuration>
