<?xml version="1.0" encoding="UTF-8"?>
<!DOCTYPE mapper PUBLIC "-//mybatis.org//DTD Mapper 3.0//EN" "http://mybatis.org/dtd/mybatis-3-mapper.dtd" >
<mapper namespace="com.fjt.circles.mapper.CirclesUserMapper">
    <resultMap id="codeNodeMapping"   type="com.fjt.circles.model.CirclesUser">
        <result property="id" column="ID" javaType="Long"/>
        <result property="parentId" column="PARENT_ID" javaType="Long"/>
        <result property="srcId" column="SRC_ID" javaType="Long"/>
        <result property="openId" column="OPEN_ID" javaType="String"/>
        <result property="serialNo" column="SERIAL_NO" javaType="String"/>
        <result property="userName" column="USER_NAME" javaType="String"/>
        <result property="job" column="JOB" javaType="String"/>
        <result property="mobile" column="MOBILE" javaType="String"/>
        <result property="email" column="EMAIL" javaType="String"/>
        <result property="applyUserType" column="APPLY_USER_TYPE" javaType="Integer"/>
        <result property="actualUserType" column="ACTUAL_USER_TYPE" javaType="Integer"/>
        <result property="companyName" column="COMPANY_NAME" javaType="String"/>
        <result property="userLv" column="USER_LV" javaType="Integer"/>
        <result property="nickName" column="NICK_NAME" javaType="String"/>
        <result property="wechatImgPath" column="WECHAT_IMG_PATH" javaType="String"/>
        <result property="businessCardPath" column="BUSINESS_CARD_PATH" javaType="String"/>
        <result property="address" column="ADDRESS" javaType="String"/>
        <result property="invitationChain" column="INVITATION_CHAIN" javaType="String"/>
        <result property="createUser" column="CREATE_USER" javaType="String"/>
        <result property="createTime" column="CREATE_TIME" javaType="Date"/>
        <result property="lstUpdUser" column="LST_UPD_USER" javaType="String"/>
        <result property="lstUpdTime" column="LST_UPD_TIME" javaType="Date"/>
    </resultMap>
    
    <sql id="Base_Column_List" >
        ID,PARENT_ID,SRC_ID,OPEN_ID,SERIAL_NO,USER_NAME,JOB,MOBILE,EMAIL,APPLY_USER_TYPE,ACTUAL_USER_TYPE,COMPANY_NAME,USER_LV,NICK_NAME,WECHAT_IMG_PATH,BUSINESS_CARD_PATH,ADDRESS,INVITATION_CHAIN,CREATE_USER,CREATE_TIME,LST_UPD_USER,LST_UPD_TIME
    </sql>
    
    <select id="getCirclesUserById" parameterType="java.lang.Long" resultMap="codeNodeMapping">
        SELECT
        <include refid="Base_Column_List" />
        FROM circles_user
        WHERE id = #{userId}
    </select>
    
   <select id="getCirclesUserByOpenId" parameterType="java.lang.String" resultMap="codeNodeMapping">
        SELECT
        <include refid="Base_Column_List" />
        FROM circles_user
        WHERE OPEN_ID = #{openId}
    </select>
    
    <sql id="Format_Column_List" >
        ID userId,PARENT_ID parentUserId,OPEN_ID openId,USER_NAME userName,JOB job,MOBILE mobile,EMAIL email,
        APPLY_USER_TYPE applyUserType, ACTUAL_USER_TYPE actualUserType,COMPANY_NAME companyName,USER_LV userLv,
        NICK_NAME nickName, WECHAT_IMG_PATH wechatImgPath,BUSINESS_CARD_PATH businessCardPath, ADDRESS address
    </sql>
    
    <select id="getFormatCirclesUserById" parameterType="java.lang.Long" resultType="com.fjt.circles.domain.UserInfoDomain">
        SELECT
        <include refid="Format_Column_List" />
        FROM circles_user
        WHERE id = #{userId}
    </select>
    
   <select id="getFormatCirclesUserByOpenId" parameterType="java.lang.String" resultType="com.fjt.circles.domain.UserInfoDomain">
        SELECT
        <include refid="Format_Column_List" />
        FROM circles_user
        WHERE OPEN_ID = #{openId}
    </select>
    
    <select id="getCurrentAutoIncrement" parameterType="java.lang.String" resultType="java.lang.Long">
        SELECT AUTO_INCREMENT FROM INFORMATION_SCHEMA.TABLES WHERE TABLE_NAME = #{tableName}
    </select>
    
    <insert id="saveCirclesUser" parameterType="com.fjt.circles.model.CirclesUser">
        insert into circles_user(PARENT_ID,SRC_ID,OPEN_ID,SERIAL_NO,USER_NAME,JOB,MOBILE,EMAIL,APPLY_USER_TYPE,ACTUAL_USER_TYPE,COMPANY_NAME,USER_LV,NICK_NAME,WECHAT_IMG_PATH,BUSINESS_CARD_PATH,ADDRESS,INVITATION_CHAIN,CREATE_USER,CREATE_TIME,LST_UPD_USER,LST_UPD_TIME) values(#{parentId},#{srcId},#{openId},#{serialNo},#{userName},#{job},#{mobile},#{email},#{applyUserType},#{actualUserType},#{companyName},#{userLv},#{nickName},#{wechatImgPath},#{businessCardPath},#{address},#{invitationChain},#{createUser},now(),#{lstUpdUser},#{lstUpdTime})
        <selectKey resultType="Long"  keyProperty="id" >
            select LAST_INSERT_ID() as id 
        </selectKey>
    </insert>
    
    <select id="getCirclesUserByParticipantAndUserType" parameterType="map" resultMap="codeNodeMapping">
        SELECT <include refid="Format_Column_List" /> 
        FROM circles_user 
        WHERE INVITATION_CHAIN LIKE CONCAT('%', #{participant}, '-%')
        AND APPLY_USER_TYPE = #{userType}
        ORDER BY LST_UPD_TIME DESC
        LIMIT #{startRows}, #{pageSize}
    </select>
    
    <select id="getCirclesUserByParticipantAndUserTypeCount" parameterType="map" resultType="java.lang.Integer">
        SELECT COUNT(1) FROM circles_user 
        WHERE INVITATION_CHAIN LIKE CONCAT('%', #{participant}, '-%')
        AND APPLY_USER_TYPE = #{userType}
    </select>
    
    <select id="getCirclesUserByParentId" parameterType="map" resultType="com.fjt.circles.domain.MyUnderPersonInfoDomain">
        SELECT a.ID userId, a.NICK_NAME nickName, a.WECHAT_IMG_PATH wechatImgPath, a.ACTUAL_USER_TYPE actualUserType,
        a.APPLY_USER_TYPE applyUserType,
        (select sum(b.INTEGRAL) integral from circles_integral b 
        where b.CONTRIBUTOR_ID = a.ID and a.ACTUAL_USER_TYPE is not null) contributeIntegral
        FROM circles_user a 
        WHERE a.PARENT_ID = #{userId}
        ORDER BY a.CREATE_TIME DESC
        <if test="pageSize!=null and pageSize!=''"> LIMIT #{startRows}, #{pageSize} </if>
    </select>
    
    <select id="getCirclesUserByParentIdCount" parameterType="map" resultType="java.lang.Integer">
        SELECT COUNT(1) FROM circles_user 
        WHERE PARENT_ID = #{userId}
    </select>
    
    <update id="updateCirclesUser" parameterType="com.fjt.circles.model.CirclesUser">
       UPDATE circles_user  
       <set>
           <if test="parentId!=null">PARENT_ID = #{parentId},</if>
           <if test="srcId!=null">SRC_ID = #{srcId},</if>         
           <if test="openId!=null">OPEN_ID = #{openId},</if>         
           <if test="serialNo!=null">SERIAL_NO = #{serialNo},</if>         
           <if test="userName!=null">USER_NAME = #{userName},</if>         
           <if test="job!=null">JOB = #{job},</if>         
           <if test="mobile!=null">MOBILE = #{mobile},</if>         
           <if test="email!=null">EMAIL = #{email},</if>         
           <if test="applyUserType!=null">APPLY_USER_TYPE = #{applyUserType},</if>         
           <if test="actualUserType!=null">ACTUAL_USER_TYPE = #{actualUserType},</if>         
           <if test="companyName!=null">COMPANY_NAME = #{companyName},</if>         
           <if test="userLv!=null">USER_LV = #{userLv},</if>         
           <if test="nickName!=null">NICK_NAME = #{nickName},</if>         
           <if test="wechatImgPath!=null">WECHAT_IMG_PATH = #{wechatImgPath},</if>         
           <if test="businessCardPath!=null">BUSINESS_CARD_PATH = #{businessCardPath},</if>         
           <if test="address!=null">ADDRESS = #{address},</if>         
           <if test="invitationChain!=null">INVITATION_CHAIN = #{invitationChain},</if>         
           <if test="createUser!=null">CREATE_USER = #{createUser},</if>         
           <if test="createTime!=null">CREATE_TIME = #{createTime},</if>         
           <if test="lstUpdUser!=null">LST_UPD_USER = #{lstUpdUser},</if>         
           <if test="lstUpdTime!=null">LST_UPD_TIME = #{lstUpdTime},</if>         
        </set>
        where ID=#{id}
    </update>
    
    
    <sql id="query_where" >
        where 1=1 
            <if test="id!=null"> and ID = #{id}</if>
            <if test="parentId!=null"> and PARENT_ID = #{parentId}</if>
            <if test="srcId!=null"> and SRC_ID = #{srcId}</if>
            <if test="openId!=null and openId!='' and isLikeQuery"> and OPEN_ID like concat('%',#{openId},'%')</if>
            <if test="openId!=null and openId!='' and !isLikeQuery"> and OPEN_ID = #{openId}</if>    
            <if test="serialNo!=null and serialNo!='' and isLikeQuery"> and SERIAL_NO like concat('%',#{serialNo},'%')</if>
            <if test="serialNo!=null and serialNo!='' and !isLikeQuery"> and SERIAL_NO = #{serialNo}</if>    
            <if test="userName!=null and userName!='' and isLikeQuery"> and USER_NAME like concat('%',#{userName},'%')</if>
            <if test="userName!=null and userName!='' and !isLikeQuery"> and USER_NAME = #{userName}</if>    
            <if test="job!=null and job!='' and isLikeQuery"> and JOB like concat('%',#{job},'%')</if>
            <if test="job!=null and job!='' and !isLikeQuery"> and JOB = #{job}</if>    
            <if test="mobile!=null and mobile!='' and isLikeQuery"> and MOBILE like concat('%',#{mobile},'%')</if>
            <if test="mobile!=null and mobile!='' and !isLikeQuery"> and MOBILE = #{mobile}</if>    
            <if test="email!=null and email!='' and isLikeQuery"> and EMAIL like concat('%',#{email},'%')</if>
            <if test="email!=null and email!='' and !isLikeQuery"> and EMAIL = #{email}</if>    
            <if test="applyUserType!=null"> and APPLY_USER_TYPE = #{applyUserType}</if>
            <if test="actualUserType!=null"> and ACTUAL_USER_TYPE = #{actualUserType}</if>
            <if test="companyName!=null and companyName!='' and isLikeQuery"> and COMPANY_NAME like concat('%',#{companyName},'%')</if>
            <if test="companyName!=null and companyName!='' and !isLikeQuery"> and COMPANY_NAME = #{companyName}</if>    
            <if test="userLv!=null"> and USER_LV = #{userLv}</if>
            <if test="nickName!=null and nickName!='' and isLikeQuery"> and NICK_NAME like concat('%',#{nickName},'%')</if>
            <if test="nickName!=null and nickName!='' and !isLikeQuery"> and NICK_NAME = #{nickName}</if>    
            <if test="wechatImgPath!=null and wechatImgPath!='' and isLikeQuery"> and WECHAT_IMG_PATH like concat('%',#{wechatImgPath},'%')</if>
            <if test="wechatImgPath!=null and wechatImgPath!='' and !isLikeQuery"> and WECHAT_IMG_PATH = #{wechatImgPath}</if>    
            <if test="businessCardPath!=null and businessCardPath!='' and isLikeQuery"> and BUSINESS_CARD_PATH like concat('%',#{businessCardPath},'%')</if>
            <if test="businessCardPath!=null and businessCardPath!='' and !isLikeQuery"> and BUSINESS_CARD_PATH = #{businessCardPath}</if>    
            <if test="address!=null and address!='' and isLikeQuery"> and ADDRESS like concat('%',#{address},'%')</if>
            <if test="address!=null and address!='' and !isLikeQuery"> and ADDRESS = #{address}</if>    
            <if test="invitationChain!=null and invitationChain!='' and isLikeQuery"> and INVITATION_CHAIN like concat('%',#{invitationChain},'%')</if>
            <if test="invitationChain!=null and invitationChain!='' and !isLikeQuery"> and INVITATION_CHAIN = #{invitationChain}</if>    
            <if test="createUser!=null and createUser!='' and isLikeQuery"> and CREATE_USER like concat('%',#{createUser},'%')</if>
            <if test="createUser!=null and createUser!='' and !isLikeQuery"> and CREATE_USER = #{createUser}</if>    
            <if test="createTime!=null and createTime!='' and isLikeQuery"> and CREATE_TIME like concat('',date_format(#{createTime},'%Y-%m-%d'),'%')</if>
            <if test="createTime!=null and createTime!='' and !isLikeQuery"> and CREATE_TIME = #{createTime}</if>
            <if test="lstUpdUser!=null and lstUpdUser!='' and isLikeQuery"> and LST_UPD_USER like concat('%',#{lstUpdUser},'%')</if>
            <if test="lstUpdUser!=null and lstUpdUser!='' and !isLikeQuery"> and LST_UPD_USER = #{lstUpdUser}</if>    
            <if test="lstUpdTime!=null and lstUpdTime!='' and isLikeQuery"> and LST_UPD_TIME like concat('',date_format(#{lstUpdTime},'%Y-%m-%d'),'%')</if>
            <if test="lstUpdTime!=null and lstUpdTime!='' and !isLikeQuery"> and LST_UPD_TIME = #{lstUpdTime}</if>
    </sql>

    <sql id="query_sql">
        select <include refid="Base_Column_List"/> from circles_user  
        <include refid="query_where"/> 
        <if test="orderSql!=null and orderSql!='' "> order by ${orderSql}</if>
        <if test="orderSql==null or orderSql=='' "> order by ID desc</if>
    </sql>

    <delete id="CirclesUser_deleteById" parameterType="java.lang.Long">
       delete from circles_user where ID=#{id}
    </delete>
    
    <delete id="CirclesUser_deleteByObject" parameterType="com.fjt.circles.model.CirclesUser">
       delete from circles_user 
       <include refid="query_where"/>
    </delete>
   
   
       <select id="CirclesUser_getObjectById" parameterType="java.lang.Long" resultMap="codeNodeMapping">
        select <include refid="Base_Column_List"/> from circles_user a 
         where ID=#{value} 
    </select>
    
    <select id="CirclesUser_getList" parameterType="com.fjt.circles.model.CirclesUser" resultMap="codeNodeMapping">
       <include refid="query_sql"/> 
    </select>
    
    <select id="CirclesUser_getCount" parameterType="com.fjt.circles.model.CirclesUser" resultType="java.lang.Long">
        select count(1) from circles_user a 
          <include refid="query_where"/> 
    </select>
    
    <select id="CirclesUser_getListForPage" parameterType="com.fjt.circles.model.CirclesUser" resultMap="codeNodeMapping">
          <include refid="query_sql"/> 
           limit #{startRow},#{endRow}
    </select>
</mapper>

