<?xml version="1.0" encoding="UTF-8"?>
<!DOCTYPE mapper PUBLIC "-//mybatis.org//DTD Mapper 3.0//EN" "http://mybatis.org/dtd/mybatis-3-mapper.dtd" >
<mapper namespace="com.fjt.circles.mapper.CirclesIntegralMapper">
    <resultMap id="codeNodeMapping"   type="com.fjt.circles.model.CirclesIntegral">
        <result property="id" column="ID" javaType="Long"/>
        <result property="circlesUserId" column="CIRCLES_USER_ID" javaType="Long"/>
        <result property="contributorId" column="CONTRIBUTOR_ID" javaType="Long"/>
        <result property="businessType" column="BUSINESS_TYPE" javaType="Integer"/>
        <result property="businessId" column="BUSINESS_ID" javaType="Long"/>
        <result property="integral" column="INTEGRAL" javaType="Long"/>
        <result property="createUser" column="CREATE_USER" javaType="String"/>
        <result property="createTime" column="CREATE_TIME" javaType="Date"/>
        <result property="lstUpdUser" column="LST_UPD_USER" javaType="String"/>
        <result property="lstUpdTime" column="LST_UPD_TIME" javaType="Date"/>
    </resultMap>
    
    <sql id="Base_Column_List" >
        ID,CIRCLES_USER_ID,CONTRIBUTOR_ID,BUSINESS_TYPE,BUSINESS_ID,INTEGRAL,CREATE_USER,CREATE_TIME,LST_UPD_USER,LST_UPD_TIME
    </sql>
  
    <select id="getIntegralDiscountChart" parameterType="java.lang.Long" resultType="com.fjt.circles.domain.IntegralDateDomain">
        select date_format(a.CREATE_TIME,'%Y-%m') createTime, sum(INTEGRAL) integral from circles_integral a 
        inner join circles_user b on a.CIRCLES_USER_ID = b.ID and b.ACTUAL_USER_TYPE is not null 
        where CIRCLES_USER_ID = #{userId} and a.CREATE_TIME > DATE_SUB(date_add(now(), interval - 1 month), INTERVAL 6 MONTH)
        group by date_format(a.CREATE_TIME,'%Y-%m')
    </select>
    
    <select id="getMyTotalIntegral" parameterType="java.lang.Long" resultType="java.lang.Integer">
        select sum(INTEGRAL) integral from circles_integral a 
        inner join circles_user b on a.CIRCLES_USER_ID = b.ID and b.ACTUAL_USER_TYPE is not null
        where CIRCLES_USER_ID = #{userId}
    </select>
    
    <select id="getMyContributeIntegral" parameterType="java.lang.Long" resultType="java.lang.Integer">
        select sum(INTEGRAL) integral from circles_integral a 
        inner join circles_user b on a.CONTRIBUTOR_ID = b.ID and b.ACTUAL_USER_TYPE is not null
        where CONTRIBUTOR_ID = #{userId}
    </select>
    
    <sql id="query_where" >
        where 1=1 
            <if test="id!=null"> and ID = #{id}</if>
            <if test="circlesUserId!=null"> and CIRCLES_USER_ID = #{circlesUserId}</if>
            <if test="contributorId!=null"> and CONTRIBUTOR_ID = #{contributorId}</if>
            <if test="businessType!=null"> and BUSINESS_TYPE = #{businessType}</if>
            <if test="businessId!=null"> and BUSINESS_ID = #{businessId}</if>
            <if test="integral!=null"> and INTEGRAL = #{integral}</if>
            <if test="createUser!=null and createUser!='' and isLikeQuery"> and CREATE_USER like concat('%',#{createUser},'%')</if>
            <if test="createUser!=null and createUser!='' and !isLikeQuery"> and CREATE_USER = #{createUser}</if>    
            <if test="createTime!=null and createTime!='' and isLikeQuery"> and CREATE_TIME like concat('',date_format(#{createTime},'%Y-%m-%d'),'%')</if>
            <if test="createTime!=null and createTime!='' and !isLikeQuery"> and CREATE_TIME = #{createTime}</if>
            <if test="lstUpdUser!=null and lstUpdUser!='' and isLikeQuery"> and LST_UPD_USER like concat('%',#{lstUpdUser},'%')</if>
            <if test="lstUpdUser!=null and lstUpdUser!='' and !isLikeQuery"> and LST_UPD_USER = #{lstUpdUser}</if>    
            <if test="lstUpdTime!=null and lstUpdTime!='' and isLikeQuery"> and LST_UPD_TIME like concat('',date_format(#{lstUpdTime},'%Y-%m-%d'),'%')</if>
            <if test="lstUpdTime!=null and lstUpdTime!='' and !isLikeQuery"> and LST_UPD_TIME = #{lstUpdTime}</if>
    </sql>

    <sql id="query_sql">
        select <include refid="Base_Column_List"/> from circles_integral  
        <include refid="query_where"/> 
        <if test="orderSql!=null and orderSql!='' "> order by ${orderSql}</if>
        <if test="orderSql==null or orderSql=='' "> order by ID desc</if>
    </sql>

    <insert id="CirclesIntegral_insert" parameterType="com.fjt.circles.model.CirclesIntegral">
        insert into circles_integral(CIRCLES_USER_ID,CONTRIBUTOR_ID,BUSINESS_TYPE,BUSINESS_ID,INTEGRAL,CREATE_USER,CREATE_TIME,LST_UPD_USER,LST_UPD_TIME) values(#{circlesUserId},#{contributorId},#{businessType},#{businessId},#{integral},#{createUser},now(),#{lstUpdUser},#{lstUpdTime})
        <selectKey resultType="Long"  keyProperty="id" >
            select LAST_INSERT_ID() as id 
        </selectKey>
    </insert>
    
    <delete id="CirclesIntegral_deleteById" parameterType="java.lang.Long">
       delete from circles_integral where ID=#{id}
    </delete>
    
    <delete id="CirclesIntegral_deleteByObject" parameterType="com.fjt.circles.model.CirclesIntegral">
       delete from circles_integral 
       <include refid="query_where"/>
    </delete>
   
    <update id="CirclesIntegral_update" parameterType="com.fjt.circles.model.CirclesIntegral">
      UPDATE circles_integral  
     <set>
            <if test="circlesUserId!=null">CIRCLES_USER_ID = #{circlesUserId},</if>    
            <if test="contributorId!=null">CONTRIBUTOR_ID = #{contributorId},</if>        
            <if test="businessType!=null">BUSINESS_TYPE = #{businessType},</if>         
            <if test="businessId!=null">BUSINESS_ID = #{businessId},</if>         
            <if test="integral!=null">INTEGRAL = #{integral},</if>         
            <if test="createUser!=null">CREATE_USER = #{createUser},</if>         
            <if test="createTime!=null">CREATE_TIME = #{createTime},</if>         
            <if test="lstUpdUser!=null">LST_UPD_USER = #{lstUpdUser},</if>         
            <if test="lstUpdTime!=null">LST_UPD_TIME = #{lstUpdTime},</if>         
     </set>
     where ID=#{id}
      </update>
   
    <select id="CirclesIntegral_getObjectById" parameterType="java.lang.Long" resultMap="codeNodeMapping">
        select <include refid="Base_Column_List"/> from circles_integral a 
         where ID=#{value} 
    </select>
    
    <select id="CirclesIntegral_getList" parameterType="com.fjt.circles.model.CirclesIntegral" resultMap="codeNodeMapping">
       <include refid="query_sql"/> 
    </select>
    
    <select id="CirclesIntegral_getCount" parameterType="com.fjt.circles.model.CirclesIntegral" resultType="java.lang.Long">
        select count(1) from circles_integral a 
          <include refid="query_where"/> 
    </select>
    
    <select id="CirclesIntegral_getListForPage" parameterType="com.fjt.circles.model.CirclesIntegral" resultMap="codeNodeMapping">
          <include refid="query_sql"/> 
           limit #{startRow},#{endRow}
    </select>
</mapper>

